<odoo>
    <data>

      <record id="curso1" model="school.course">
        <field name="name">1ºDAM</field>
        <field name="level">1</field>
        <field name="date_start">2025-09-15</field>
        <field name="date_end">2026-02-19</field>
      </record>

      <record id="curso2" model="school.course">
        <field name="name">2ºDAM</field>
        <field name="level">2</field>
        <field name="date_start">2025-09-15</field>
        <field name="date_end">2026-02-19</field>
      </record>

    </data>
</odoo>
